person id,score
1122b7d5_ed317db7,-2
b0177400_be9028c7,-2
77ac4e2a_77109d8c,-1
49ca4e7d_2eb499f,2
9e4a7320_9ebed277,-2
52936684_6bd2c2f3,3
bb891fa8_b2f18316,2
676be448_ab12f528,2
fa71973b_dfeba98c,2
3166f635_244cda27,2
a043640d_d3e5ce20,-2
7fa6c1d3_4ef6525f,3
9e858e0f_c50fe1cb,2
d1b5f6f0_4731e34e,-2
3af85c6e_f4748112,1
fc9f1cf6_5bb90d16,1
634c20b3_6d1a30df,4
a0ba99cd_cbb1d5a,-3
d8c7f894_30f97f24,-2
6463f790_f24d25a3,-2
965a49fe_fa4b2d5,2
8390f47d_1ecbe6e,-2
33339867_fa9c7bae,-2
5ab6fb0e_55091c4d,2
354f95a6_f3a3fcda,3
3808972d_6dccb11d,-2
ef0a6174_164d6764,-2
4c427af6_e3aee3b5,-2
139a1143_2f017e61,-2
2cf3efc3_b2f20d9a,3
40cf7186_6057d385,-2
36acd729_414bd216,2
df4eaf84_4cb50730,-2
21f78aa9_5444f033,-2
62cc9588_ab52061,-2
f7620647_971a30a2,-2
3650cfd3_72e2ca22,2
3ee3c9f_137be1c2,-2
e7ca5811_d728f7cb,-2
f19d31c2_75124201,-2
cff6a08c_b0303c7f,-2
9c9a0ed5_c1e8bd39,2
81007e87_f944e95b,-1
d2c95676_56a7db59,3
a9bb3ea6_5ec8e5fd,2
77e4333b_485ca1e6,-2
97430b43_24687632,3
bc579306_b22e3f6c,2
831585d8_53e1e7e6,-2
52907b87_aa3e7910,-3
4a2bd5e2_8deb71c8,-1
2d1f1abb_585a62f7,-2
4a7b591f_2f776708,-2
7a5bc505_7e202f96,-1
e0dfe7b5_9ded0773,-2
23e80e1c_7f778519,1
acb9091e_595c471e,3
690d3a0c_9545304c,-2
7d6d9e0e_f688e884,-2
5b982cc6_fc44c1b6,-2
95db6fb2_c9053c30,2
8302c7c4_a2e0634d,-2
e58b5301_2aee0f9a,-2
a5475be3_7e1ec43,2
9ee882ec_2959c232,-2
eb91253d_d131afb4,-1
91e51c56_c3397a75,-2
db9cd23e_4ae1fb4c,-2
5782501d_d52792d1,3
3123291a_ae66cbb5,2
24ca4fa8_f7eb271e,-1
4e024b86_5c224973,-2
e96fc90f_6ba77dcd,-3
e04888c2_c9d23be5,-3
db68e009_8f09b003,-1
49803461_6af7325f,-2
9a052fea_4dd58d63,1
793098c2_41f743a9,-3
6f60ee1e_ebfda835,-3
a5c566b9_8534cac6,-2
6b33b3f0_80fae05e,-2
144fb097_a7599f68,-3
f47e7b0c_bdab29e7,-2
6964fbbf_54f7d03e,-2
43870b2b_db08728f,3
7906d541_f32b96ea,-2
61f0a09f_8a660426,-2
a0e2ead6_f2115ec2,-2
afecc06_443459c0,-3
a5f5f2a1_2f2f4299,1
a562d5f5_714daa7a,2
30a1be95_d63bccfa,-2
c8879450_b779e203,-2
8bfea6e5_fc9819c1,-2
9ab4c161_ec815956,-2
9244efed_2167c26d,-1
71c7042_c87fa1d5,-3
18fd9814_f4024d2a,2
5f2732b5_67abbefa,-2
aeb57a09_5fa1811e,3
2e2c0f72_7ce29cd5,2
ab830547_52cdb48f,-2
b0b3e0bf_81fa6638,1
ec7d2a11_2210b3da,-2
7d408b9_4eb8b090,1
fa0660a4_8c3ff9c7,-2
a7d0895f_2948ad06,2
3cd8c7ca_4aefc41b,-2
2229f58e_72baec5c,-2
7222c89f_1b0bc0c5,-2
17fd46c1_b7c358f9,3
7dc224df_7bc403cc,-2
fd5d2f3d_a856eb33,-4
4d8d442f_8333b8b9,-3
2296ee1a_62809cae,-2
f3102e9_7b098367,-3
c7fa697_bc9cb896,2
f42ab68d_5ef0dac4,-2
67aa281f_62366ffa,-1
e2fceebb_da0f4d9e,3
7f76dc34_13c12f2a,2
ba83348_f625882d,-1
416d2a6c_a7bb1391,-2
8c76ca91_ef390522,-3
48da89f6_55c7495,-2
87425766_57c7c8af,-2
9eab6682_c53843dc,-2
28858cce_80969575,2
6e5365e_beed41b0,2
74a72e94_5809f147,2
912d9713_99514c70,-2
4104c504_b2a0fab4,-2
3f9b098f_ea708d04,-2
864387cb_ebe19acc,-2
f1b63abd_831ce6f5,-2
9bb080d0_5473c0c0,-1
b82e7c5a_2948d20e,-1
a1976632_34f46bac,3
b2ff8f9b_e0850acd,-1
d2cfb9b5_6711a911,-1
d193368b_da4959ed,4
37cb61b3_27e17df3,2
d0a0e12d_c4d7a116,3
45fd6f57_3313799a,-2
3a7a3be9_f0463756,-2
f4732ea6_137cf519,3
b9891716_2f2c30b3,-2
d80e3379_bb910b49,-2
e4ba4002_43e3eab0,-2
bdd7d5b6_1ae73fbe,1
5fa54145_ca4f5564,-2
1e65f3b4_a2653430,1
a9e78d07_e4cb2fdf,-2
6a38d824_4d1c749e,2
de5191b2_97d7a56f,2
fc414ced_3e4a9a46,-2
7a9c5f05_f7372cda,2
fde25e_d561649c,-2
11933055_3a9ecfa,-2
8dfb3152_8e748c7,-2
9357b924_976779ff,2
31e0339e_2be8185c,-2
d3346d40_68ff0899,-3
258f6353_5e4daa9d,2
3b49f9d7_f443bc2c,2
841f6939_ad8b138f,-2
52cf1d4b_b4facac0,2
15639d61_a55e6a83,2
da9201ce_fdf9d899,-2
b4daa819_51c5cc37,-3
6f1f291d_811830ed,-2
559e94e5_8fdd765d,-2
80e13feb_4f3e4d0e,4
8bacb65b_5d9e4d86,2
962df73f_abac99cd,-3
aa0cc23c_e987f898,-2
9778abc2_75264665,-2
897097bc_948625b8,2
d95ef670_2948deeb,-2
8d2f4023_73f1167e,-2
3df4e1fe_4f8e50ec,2
d23269d4_a40475fd,-1
883b7265_962259a,2
293aec81_b3d0152a,3
a64c47ea_dbafbd1d,-4
f1891b54_3cc82f80,2
edfbcfc7_8f6b302b,-2
b72c1e8f_cdca1939,-3
af84ec0e_56e6cabb,3
1c3de73e_37c91463,-2
473c54a2_2136cfba,-2
f9004dbe_d3486f17,-3
a1edc83a_ef427e72,-2
9cc34d4b_c8647fe5,-1
51a48fb_a3a50caf,-1
7d3ea0b0_fd3600a1,-1
f46c3323_43363b22,3
7e6c4790_4a486152,-3
7571865c_8d157781,-3
1adad7eb_80ee595e,2
e2c65d42_424801cb,-2
a406bb5a_a1fc1deb,2
d7acb2d7_c824a896,-2
b7c678c3_bc9c8463,-2
4805c5ba_c6f069ff,-2
f2ef6b29_d11265d4,-2
470d7530_42d6729f,-2
3e7a6ce5_2ca91616,2
70c55b2b_5e227625,-2
fc300f30_9898900d,-2
73557643_3d4d5114,2
9b1ecaa9_6f20e2de,-2
bc8e6871_bfd9305b,1
b471fcea_68256668,2
bc67ea34_e2bf5bdf,-2
42123254_9cd3e54b,1
5f36d321_d558691,-2
716c328f_c0102649,-3
6e8447a4_db850449,2
91e501d2_69b36bbe,-3
e13182f7_18c0d9b,-2
58a14076_3e13209c,-2
68da8dae_eeda06a8,-1
e979f135_f4f3aa0e,-2
a074ff3c_c8be2f20,-2
29e3ed08_66de7ee9,-1
f9e3d325_e2339f44,2
dae3a1c5_45508061,-2
edef6f22_9580b830,2
746005c1_afa6cf7,-2
852bdb27_7c6b3eb1,2
381b3ac2_e18d6033,2
eee5dfae_262cf07a,-1
350b2065_99e3747c,-2
fedc89cf_f6f17539,3
a756783b_c02a8711,-2
c1033276_b478c290,-1
ce6b8114_e6492ac7,-2
c9e2f7f1_3a0c801d,-2
18603184_9ab390aa,2
d4ad8914_eef3baa0,-3
19cfb64d_2e8ad52f,2
8d8bb078_cacdfee6,-2
15670bc3_62ad2ba1,3
f724db04_9f44a669,-2
867b0a79_2a5cf3db,-2
21aedee7_9068bb32,-2
8097834a_de7f5df1,1
b95616b6_cb532ae5,-1
6d8b1fe4_2bb0c979,-2
8390d9e0_6d06d891,-2
1c57caa1_c0c4104b,2
b4f8cc54_ddd200a5,2
62d67f60_f1777749,-2
1a95cb5_8ea2ea1f,-2
5b28ecba_cd96ca30,2
7c89af9d_291f4bba,2
b043fd03_67e85cff,3
601885db_4a9ccc31,2
c9f3d77a_e2d6c725,-3
687ac3da_b72aa429,-2
5b1dc9f5_651ee12f,-2
1564a474_f936d4c6,-2
68c58ed9_2ca135cd,2
7f8ce98f_391c68e5,-2
5ad5bf02_68d0ba4b,-2
83569979_6e3eedcc,4
3a5d8d9b_1efd9e69,-2
9cf0c897_c7c59ace,2
433603b7_b05487c9,-2
25bb0b5a_2a95f870,-3
e4f7319d_c82b0c40,3
d64ee5f9_1ecad219,-2
1946d1d3_49ccfba6,-2
e1dc5b0a_d7460570,-2
8ab41d6e_dd092c3c,2
edd3bd14_3c8c37e6,-3
57870d34_e16686ca,-3
d0a66d2a_34fda1d,-3
112fd690_b216daa3,2
f0da1a95_2fb99c56,-3
825a5c05_f67f6847,-2
19f1fc75_a3df0ed1,2
b996f101_9c15ac38,2
8ade6740_6900854b,-2
70e5fa81_dae0e2f,2
9d51798e_852ce32d,-2
9d4620a3_421307b4,3
89ea2523_4d6eeb10,-3
8875cac_3871a3fa,2
cba7cbbb_796b3ff6,-3
8a4eb5c2_aea002,-3
8a308227_499d8a30,-2
11d46322_2c18b95d,2
18ecf508_4ebf64bf,2
7e4940e8_aeb1a832,1
cfc6d86_b5570080,-4
7295669_c50f4599,-2
ec4cde55_1e553ce8,-2
f1b0ad49_506dff3e,2
79ba0979_15d44dc7,-1
a7eea60d_66a4fb82,2
6854d3f_ffe30ecd,-2
59a7675f_fed55038,3
8443a928_313b808e,-2
45edb1df_ebc30f1,3
705009ed_cf383ebb,-2
6eb794f5_184f4d09,-2
e64780f9_8a183fdb,-3
249b61a_6b8d562d,-2
a95d21fc_36bdff3a,-1
e4d24f03_41f9e68c,3
8218e8e_ed12c3ea,-2
7b9b422b_bf55f1eb,-2
91f88269_97413796,-2
53841972_223a21dd,-2
2e26cc03_b81ae7dd,-1
b6a6d051_20792743,1
a6d107ce_45a49cf1,-1
7d94dd7b_4603a4f3,-2
c529c293_487f2bbd,-2
325148c3_94aec663,-2
68cc3bfb_a9c48208,-1
1c8600e3_1c7177e6,-4
5c8b001f_4b04da84,2
3b94d2d0_132be06e,-1
9151c47_add52add,2
14f907d5_870a692a,2
b85c5442_de68085b,-2
c998d834_1c9ff127,2
31045d92_3626941,-2
7ef114d4_913a73b5,3
ef6f11d5_5504ecb1,1
47c02d3b_4595b8fd,-1
e265d2e2_f35df7f3,-1
248ffccf_7bce26e8,3
75508a2e_489a4e66,-2
9fcff0bc_e61cac07,-2
4233be48_d83004cc,-2
8762bba2_d0457803,-2
c2f57f16_10ab982c,2
f9741949_cee323b1,-2
15316bc3_ef20e0a3,-2
273b0af1_83b8660c,4
21a899a_27ae6926,-1
23249c0f_6098da3f,-1
18821ac5_bba9b78d,-2
65dd6a70_10eea814,3
b371e75b_a30d8078,-2
ca95a094_92996e5d,1
3660dca9_76de4216,3
fcedbf08_fb27cba5,-2
6c4e4047_afe4cf71,-2
21cf5865_9d9ce6ba,-2
a499cb2b_60e02fad,-1
3edaf519_dc0bbf8d,-1
6f429cea_79ca8529,-1
2201f246_cb084e46,2
e7a67011_59a0fa0d,-2
3c11780a_352f3c6b,2
a265c377_bda40dff,-2
ede8897a_c5fe351,1
d4c00311_7bb7d30b,2
20caf4a_6048d77f,-1
38471523_fe405283,4
7df5d28f_7c36b736,-2
4d9346d8_4f090633,1
a7985196_cd7c38b0,-2
761d34cb_abc887e,-2
d41fa911_a8d355fe,2
c61ba298_366ec2c9,-3
7821441a_cc133443,-2
89954ee0_5e3dad97,1
e4c0626c_a644db9e,2
552cb83e_60809127,-2
2bb0f751_abd5f1ed,-2
9d13cf2d_3f2f216a,1
152c16eb_9bd8764b,-1
847e72d2_8c536fa0,-2
4ed42ead_334bd0fc,1
75c50583_9fd5da61,-2
70716b9d_1d3ff3b,-2
dc4457b9_e7ae45ac,3
2f878b2c_55a1556d,-3
f18e8e31_eab71667,-2
166544be_44e37a50,-2
43cb3b77_aeebf8a8,-2
bab1228e_6929f575,2
4b59af6c_a8db785e,2
a69e7726_4746e820,-2
e3b1fb96_2439ac7f,2
d55f2dfe_fed8b035,-3
4267d023_55caed82,1
a96e5f70_85666c52,-3
914faf12_2f55069e,-1
ffc573eb_95faabab,-2
bb85b041_42e6ab3f,3
e4eeddbc_8bc5a3a,-2
df056894_7a82ad8f,-2
3c389e28_ba0b8807,-2
35e262e1_e04dabf,-3
d0047674_391f842c,-2
ee9b3d75_39a93b7d,-2
5d59cf73_234cb8c1,4
5def3d5a_8728787f,3
822b39fb_60b75a78,-3
6b4d8135_d835aaa6,-2
17ce646_af3b27d9,-2
1aacb8d8_669e12db,-2
242eb8fb_2fd938ff,-2
2dc4bb03_66334770,-1
5c3720ea_230596c1,2
e6909cf0_2be8f32f,3
c4182b19_713147fb,1
a762c42d_1e7464ae,-2
ff6310de_a01e3d98,-2
2ce1f07_cdd4f17e,2
e41e9da8_7ad24cd8,2
19568a6d_ef2fa1f5,-2
6f0ac3ce_576d36fb,-1
ca060c8d_16747af9,-2
fbeead75_391165e2,-2
9192a25f_a6483832,-2
536e3e01_237de327,-2
902806d6_8a94be1e,-2
7c468d6d_b72e1442,-3
d7f8df34_56eaed41,2
d5f9069c_905255c5,-1
6f521f11_b1f924f2,2
935e4be4_5454cb87,-2
46e89ab7_d134c283,-2
bf02a962_38472d2a,1
a8825f40_3f6e5a92,-2
d352f3f9_b19f4dcd,-2
29a147db_6bd23fa6,-2
6fe81780_1e8877f3,1
85faf74b_ad9ffecf,-1
bc690a9e_d009bb13,-2
8f4c2889_5b27284e,-2
361846a0_89d7d471,-2
3c13574e_d7df96a4,2
2d0b272c_d52dda65,-1
905dd56f_e16b0eda,3
ac8f66e1_af29ebcd,-2
bb6b6fef_9cfdcf0,-2
6b7d98c5_22c648a0,-3
ceb30230_1231a1fc,2
d8a05627_43f659a5,-1
e3c60e46_7459deae,3
be731069_bf767ea3,-3
e5a86e54_6acc1ccf,-1
6b173066_9708f8f2,-2
38ee9a67_38e673a6,2
2ea9f36d_a5808bf0,-2
dd0fa368_24a49c2e,2
fbff46d9_b0741550,-2
f0b4804f_2d859df8,2
37aa5f7f_c62fd1e8,1
3a3714fe_9e85caee,-2
97e625e8_2b4cb343,2
366403c2_a2d6f417,-2
4ef00044_557c7c45,2
ac6340b3_be7cf36,1
953e0693_78631912,-2
a409b176_7b0dd2e4,-2
ca82639b_5ef8b4b5,2
412e2f32_f7f618c3,-2
af79bad9_a530e491,2
a02e9e6f_4c770186,-2
b34d392d_4ee26045,2
761df64e_1bc03140,1
ff73cd11_4dc7bdab,2
4665f2f5_786d5633,2
5148a16a_5c827121,-3
589198d8_8c5f5469,1
c8dd2d02_a9ab9b5a,3
39cdef64_3a97a17,-2
e8308da3_8c73d732,-2
dd00b66e_a6c248d2,-2
5fac6ac7_1a886937,2
b6d98959_d18a4c52,-2
f01d87b1_648512e3,-2
4afe9465_be8dfa7a,2
5ad22641_2d2b8aa,-2
6eb8038a_d7df65f7,3
3d54f335_c9d0e769,2
71b351d6_14f10db6,-2
31f3599a_b0edcf63,-1
55edf61b_518709b1,-2
b71242b4_4764680c,-2
d9342e24_911e3dd9,-3
9e4b0562_ff29bf7a,-2
92dae8f6_719290cc,-2
d42f67e3_8cf01940,-3
54f9629a_f89e7910,1
141daa7f_38b91712,2
bdd6f105_178c48df,-2
8843dd01_61fb9f0d,-2
9642deca_42996d21,-3
de65cae3_ebbd6f37,2
58129dad_ae5a9aa1,1
f0d3be7c_60acd1e3,-2
cb106bbb_15e39af1,2
69673dea_21a7b6b8,-3
f77c2915_f8509483,-1
2f5c1e73_5dcc5c6,-2
450152ba_5a41fc68,-2
d7d174c9_a57c736,2
bf741700_7d0b0e81,-2
6e9564c6_5d34811b,-3
caa12de0_a234df25,2
756cf40c_1ec81372,-1
ad0d764f_9c7f8847,3
99a51827_ae12308e,-2
febd9796_8b893325,2
8d861cda_5fe3ecb8,-2
857ac4f0_3a785bf0,-2
b3f834fe_cd3e9607,-3
c2ae8950_a4e8efab,3
673bd66f_89e7b53f,2
6ad321a4_1f951fd4,3
86168dfb_25094f85,1
b0f094fd_f6562dc3,-2
ba0f6006_5551ee80,2
409be430_768aea8c,1
755ea186_7d3d112e,1
f8b2d16c_7628f3d9,-2
91c7d9cd_3ba611a,-2
ca46db63_4ce480,2
e265ecfe_c1d1b68e,-2
dd9b1feb_2658a86,2
c634d86c_5cfc0de,-3
a8c5b0c3_fb0c523b,-2
6f00dfb2_3a5fbf10,2
7a2542f0_7308f58,2
93c780f2_c48944bf,2
ee291d48_6428c7b6,-2
9efb839f_b8aed31e,-2
7eed166_8a617694,3
a557dcf8_6dc2b503,3
ceed9578_160da1c3,-1
4b3ff2d0_3face84c,-3
32b22313_127be1ad,2
5a8aaca6_5d33ac60,-1
f613a8e6_846b8f83,-2
272df67c_9297b2b1,3
3e2ae3d0_f3d7ff37,-1
43dd03e0_7954dec0,-4
92cc7c4e_e59a2b3a,-3
55d572b2_ccc8efca,-2
c6d6e96c_e787a03,-2
b320ed34_8247e29,2
ccb1e780_997e8e5d,-2
f3dcd936_e7355d32,-3
da582e84_95b8ae8e,-2
f9d021cc_ea98d4ce,-2
786da5df_fd56a443,-2
e7ba44e2_c831e258,-2
c8b405ea_192c6ce0,1
89066de_67650f22,2
5ab4b615_f24a44ed,-2
bc7b3ef_5c386e0c,-2
ca53b1a6_77f746d6,-2
28dc9f4b_6fc6bab8,-1
694d36b5_a4804f20,-4
88de4440_6d3cb3b9,2
a834ac14_9c18db5f,-3
ed57a1d8_36f3ac13,-3
e14efaa8_3d693fa0,-2
fdf8ecc2_1d94b17c,-2
85d4251d_32822f6c,-2
991043fe_be2f5538,-2
c4098202_59ca60c0,-2
58de09cf_8eab16d9,-2
417b0cfa_391d3517,2
897e8f06_720c3fd5,-2
8f488044_f5469fe7,1
a7a4f34c_be27a595,-2
3dbf7a3b_91b887d3,-2
f136a999_ce9eaaca,-2
d86d5ce9_fc272483,-1
433bef44_c4a97ab8,-2
25e8b08e_9e212406,-1
8a0ee44d_24c31637,-1
238d4703_545f3d7c,-2
c01b8f2e_62ff56f5,-2
3945e4e_705859b2,2
893d1485_7e30a83e,2
565c8da4_f5e4e608,-2
59383ff_6451dca3,2
f197f170_82293351,-2
29bab105_84fa6af1,-2
58254f8e_e82dc959,-2
80537544_58333eef,-3
c8dddb62_b96a7c32,-2
3e1880e0_e8b0cbbb,-1
ca416170_a28f4890,-1
374cf009_34670561,2
f47030f4_f5077de8,-2
e34ee3cd_fa709c51,-2
c4482189_f603f518,-2
6f4f4448_bccd31a8,2
c3ec4bd2_e446277,-3
5b037b0_3c4bba83,2
a43df19f_12dc5e01,-2
63120810_cd345cbd,2
6c9a6b64_2f633d36,-3
5a921671_15dc8d95,2
441fedc9_acb5a30f,-2
ba850aa4_635b1b38,-2
37c95a39_aa0f0079,2
8020f99c_a201f0f6,2
88ed2da5_9979969d,-1
8b036eb0_55bf778f,2
18e0dd2f_69f383ae,3
f02e9617_32970165,-2
f8f3520a_b82c870e,3
76effdcf_a75d185e,-1
8eba60cc_aef7e817,2
f19ccaa_dc6b0bd4,2
94822e69_293e41c7,-2
1d02084b_6e040d78,-2
d5311670_6556dc9f,2
1d64c118_b7188846,2
90d6428_f21b80eb,4
f1506564_b9246857,-2
beed83c9_99863551,3
fe38f844_82ebad3a,1
21fc5e24_72210188,-2
fd3943f8_688f2aab,-2
4ed17253_73985cda,2
b2021d5b_a560ff3e,-2
f6d446e2_577cf55c,-1
efb6384e_ca0ad266,3
d79572d9_b08b665a,2
3de6d8a0_74036ad3,-1
339b8be1_48331e7b,-3
8898dae3_de9a27f2,2
326fced_b2cbc85,2
8260e1c3_f518feae,-2
bce5652a_ff34e5c1,-2
8f38865_6fb5a5f5,-2
f43eead4_6aa25568,-1
8b28e2cf_2b895a86,-1
730be205_a20702f5,-2
df27e54e_36b320b6,-3
dfdb7cbc_6b071938,-1
e93ea228_385d03c5,-2
8fd3a344_70daee4f,1
932297d0_234262e4,-2
cf9daab0_2cc06021,3
c6d6d592_7d67d9b2,-2
732a3b69_ad2f94c2,1
478ad1a_a9fabeed,2
6b883f65_1e130f1c,-1
e67f4b05_14a99ec4,4
16af4fac_550683a8,-2
307c710a_b3835244,-2
8556c8f8_e8e2ea98,-2
9b040e12_a580b407,2
758b8c3c_d2b14ae6,2
2baef089_8be259f9,1
f96fddc9_cd2a0f9a,2
8d304245_4ed12c66,-2
877ae405_45057a5c,-2
a5dadb2a_8ec274c9,2
208f1a11_31ac191c,2
91433dcb_a4572da0,-2
bb35610a_b27dbd2d,-1
60fba891_9559cff6,-1
806c65a8_3d378e0d,3
6f13d69c_8b327e28,-1
3b38c93d_3376776,-2
eb84cdcf_74a3af95,-2
f533deef_13f91d3,-2
9a5d7197_2f53f370,2
ce3f2e7d_a4c641e4,-2
d6588df6_14d9f4f1,-2
ee1cd543_ab94e0cf,-2
f04befa2_2d47a5b3,3
556ba434_c0ca2371,-2
51e47beb_18eabf4a,-3
6cf84f5d_4c0afa23,-2
fc241e87_968ac2d0,-2
8a58089f_6b41fe5e,-2
d3947341_8a2c68b7,-1
d835c243_83f3d6ad,-1
894c19a2_d1c5907e,2
ded67a49_550f38f5,2
7d6a18fc_aa6a3458,-2
18268661_26928c7d,-2
7a9a53c8_fa9b78f1,-2
726e8316_87757b02,3
9965da3a_4c8134ba,2
fa9af872_28562702,2
31b90a6d_2be038ed,-2
3fb08ecf_ab41056,-2
c4699676_7e8e7da8,-2
a100df7f_6dbfd858,2
a8d97f96_e77c04e1,-3
2f88e37e_fe93863a,-2
73c365a7_297228f,-2
525af74c_b16f10a7,1
45c36aca_32f4eb24,2
14685384_662265c,1
f706c1d0_f424f3dc,-2
8bd87de5_ab032652,1
b4088f7a_3a4a268f,2
7c28162a_535833,2
50819ee5_1c4fecf7,2
59449cbc_550255bc,2
e7a46602_86841935,-2
f843b2bd_2241fbb2,-2
fee596bf_7e25cf09,-2
21aa4456_275ccfc9,-1
108d81b2_7115077,1
cb9f8569_ad6c0ed7,2
5ac809bb_ed531a17,-2
dcc94950_56215751,-2
b0a6bf7d_3d060af5,4
d71cdd6d_e8514579,1
3bff01bd_ccb7dc3a,-2
8bad62b4_5daae6dc,-3
c6522374_3bd162ad,-2
8892266a_8bbdf524,-2
161b38f3_9c487a6b,2
b29a809b_4ed1f1d8,-1
d976d6e3_34d0622a,1
3f36e0ed_f034ce24,-2
4d644f88_2f877277,2
47cee552_c730f259,2
65f99e6f_4324fd83,2
ddfd0fb0_23d82baf,-2
75626982_3a74540e,-2
c0b141a5_436c0f1c,-1
f949d60f_b9b93b4,-2
b5b7361d_cf586ea0,-3
f91ef529_8a29f33d,4
ca625e25_88f7e185,-1
2e6f58f0_8e3905fc,2
ae0a49b4_b461eaa1,-2
d6dbbf06_cb872ef5,2
1ff661af_49d8d4be,2
9fd0dea3_af07e37f,-2
8c802643_ef30b31d,-1
c11d7dd1_e4bdf6a,1
e5319212_d913bb25,3
2217aa2d_225d604e,-1
be037eab_7eb2af0c,-2
16e0952b_76037226,2
819715c6_2dd83994,2
d57db2ef_6d75102a,3
cbbe1935_f9e98718,1
53aa5a86_21b3f221,-3
d17def76_cfae2d2a,-2
eaf32497_d0a9f60,-2
9a33ce1b_c51f5d7a,2
e5b1f106_5c6e1222,1
ea9a0fb9_55cef8d4,-3
5c455afe_f3063f36,-4
4827de2c_b18b650d,-2
ee78b4ab_aeef27fb,-1
22c9247e_d95be9df,-2
494e7502_ab4ac0e9,2
f3ee31e0_685cc435,-2
376bae6f_314cbe19,3
be8f7a2_f462048b,2
e688a568_5bf92ca4,-3
4f94ac8a_4c591a6f,-2
cae09fd2_92a4ff90,-4
ecb2165e_56c2eefa,-2
e5ff5c81_e57b8ac2,-2
f6471f30_ee5a9959,-2
272910e1_6edc6a36,2
4a4860b2_60fa191a,-3
103e94e7_83ade712,-2
6dd57543_f598f862,-2
40e49402_2d027a1,-3
2e655a24_f16c0647,2
272a5874_1954075e,2
27c59d1a_e7252e76,-3
2d28303f_dc2fd3f8,-2
6ef90ad9_8bda5830,-2
62bfcab3_1a1f463,1
c78d041a_62bdfdb8,-2
2df8175b_fb1de34a,1
5fe926d8_5af6d5bd,-3
9c83d529_ab519166,1
8aa15488_e698d741,2
512f5152_df91f9f6,2
2d1177b9_6329b39f,-1
860b4e71_e50673ec,-2
750f43f_998e6700,4
6ff7fa45_c2633d1,-2
d8b791b6_5401ec33,-3
47ce5315_279cb564,2
52f426ca_6968e0dd,-3
5f3d1d37_f32863b2,-2
aaf0dc33_5377b4f9,1
d28609b1_c0784825,-2
225c93c4_997c6fbf,-2
fa39ecac_12f23965,-2
ed254924_b5df2b27,-2
d1cc5438_28b2c66f,2
46e3a4ab_d4edbfb6,1
e4611418_85791690,-2
fd6b06fe_5cfa9b5a,3
9659d57_d318b45a,2
b70d9bf2_6e75eef8,-2
2c6c1d80_18ac72,-2
57a75b35_b123cfb8,2
ee75c9de_80a9ad4c,-2
b0fa6411_7cbbb78d,-1
d387bc1c_568ccd2d,-4
286898b8_620646ee,-3
612e3f7a_3ce2519d,2
4994d25f_fb1355ee,4
4d7a9daf_974f3dcf,-2
22f47afd_82c2200a,2
a51647a7_600d4360,-2
560ff44e_591fb88d,1
5cd4deab_eedd7c42,2
ef2c5eac_32d17cc1,4
28320a49_5fcfcbb,-3
78b34e7b_3a0897be,-2
83439a47_86b6a86d,1
b6156075_219901ae,-2
59e9bf72_cb06d27c,-2
2aeea9f2_8d4041f5,-1
bd8775c4_500ce841,-2
e86c52c_ac87e707,2
2b2d6674_518064b6,-3
254c2f8c_bef3796,-2
a06ecae_e46b4575,2
84078d7e_45b8a265,1
2bcd6830_b069958,-3
259fc218_bbba10a3,-2
e851e026_6ddf99b2,1
774a48d4_1991d728,-2
75b54e98_89330fec,-3
365f3577_805b0ba6,1
2948ed6e_eb231cf7,2
8bed5684_5cc648de,-2
9ea78192_f5f3ff74,-3
a04d96be_4bff4f94,-2
ce5f014_8c056377,-2
f9a4b81b_751f4e35,-2
878fb33d_63bf710e,-2
70fe27ab_811aad0,-2
6282e779_665b72a9,-1
ccc7fb73_c4a2a4d4,-1
6769da3b_c5d0719e,3
e47c5959_e2c119fb,-2
b741320d_282c316c,-1
9b6189e3_8826c95,2
494f9b30_e40ddc70,-2
73199c6c_bcbed259,-4
f5bbea5a_9e3fd2e0,2
c498dd0c_5a7abf77,1
87576df1_80a19203,3
86272b49_1e53876d,-2
304f073f_b1dfc7a,-3
21b5b337_b9956ed6,-2
aab4fcea_bfdba912,2
e1ffddcf_e29638f4,2
9e8ba377_e0accfb4,-2
f0bebaa1_5875b6e4,-2
9867e1b6_465e03a0,-2
fde74e12_d095633f,-2
60246711_c4377ed1,-2
3c5a935d_82722cb0,3
5a84de_ff37c82d,1
8cec8ac_34e0118e,-2
2206e633_2dcb9910,-2
af1213cc_2bd1616e,-2
73904ed7_bdd6c067,2
d8298634_caeaf7be,-2
ee155c8a_f751d6a8,-2
73670588_4485c22d,2
f6317989_47c26a06,-2
63b7d956_a91e6e93,2
80adefab_2ff4499c,1
fae87adc_ffc0b30d,3
9f86508f_6889d45c,2
3a827cab_264281a5,3
8d02379a_74e84d03,-3
23395c7d_3c1a55ab,-2
3204ae37_b7251b34,-2
7d4ad873_9c092286,2
e2548466_ed6ce1cd,-2
1cee6fb9_e19db6af,-2
c570945_45bf777b,-2
9965443_d37e20b0,2
c7338fcb_e07976c1,-2
ff3411e_935e5a58,-1
a10683ad_7939f564,-2
7ffd203b_81de0e52,2
a6b18bb_cdfabb0f,-1
b1dac531_43e0259f,2
53278979_ac17df93,-3
a7911fd7_9a6f686f,-2
c7723218_fc7149b5,2
7f0021dc_15c8adfc,-2
431c28f8_710e574c,2
f0acaba6_d3ad6a29,1
6722215f_4f7f2ab1,-2
91f14d30_5b1a9c02,2
23d8a50d_789bac4b,-2
85675efe_7be8c622,2
530ca7eb_df918243,2
3779f07c_8ae6ed2e,1
d96020e3_e039145c,2
8f31db6f_682028f4,-2
7e4af5b7_2573f438,-2
a769de27_bd24906f,-1
164588b_2dc9c801,3
ebfa355_aa758b4a,3
9a28f729_4484b287,2
90bddce3_a2f4557,-2
e747d52e_bd28bd4d,-2
d5b65a9a_122d2a0c,-2
624bfc71_c4ace363,-2
c4a4c0e6_c3ac6729,3
d6cf109a_f675ce88,2
68c7d43f_6276f2f5,-2
47dc115f_7fe75df7,2
2d6f5eee_43d5685b,2
edbdaa0f_11b2682f,-2
352e8c74_919a8d,-2
f3f05a5b_4c032ada,2
a2f656c3_2e9d2b6d,-2
f3b6ac1_9e7e7a65,-2
968af9e_80720411,-1
f3045ec5_cfa6401a,-2
f499cd13_1091c8fd,1
341022cf_8a9715c4,-1
f8bacc84_48a98d24,-2
3d4b0f1f_cdf835eb,2
d88d6e2_7e3f1843,-1
860dd5e_c2c647f1,2
3d0a6a34_4bb7cbce,-2
e7ef56e0_2aeb598a,-2
9bee2ee7_cc00eb6b,-2
d0b8eee9_f6852ea4,-1
53eb9df_4e8e8aab,-2
242a94d3_e77e544d,2
d8c3f395_ccc3a35e,2
fab9ad70_55ade1ae,-2
11fbc314_aae2e5a4,-1
c9a0eec9_572e0fab,-2
c877519b_7c9a07b1,-2
6ca5821c_6cd6fe44,-2
e7b62523_669ecdf7,-2
20460394_2729800b,-2
27d53e9d_b6fc3efa,2
9455caef_5e792846,-2
1940a646_d4f04a08,-2
cf9aa982_5cfb6080,-1
54cf58aa_f951603c,1
281efba8_9d33b673,-2
c9e66c40_9f9b40a8,-3
a30eff28_218f6612,-3
2e98487b_db69d98f,-2
28558662_cba7b826,-2
433224d2_8de5da2e,2
caad83f8_889c7a82,-2
86e70d23_4113ac96,-3
108873ec_e1383921,2
5c1ebd86_70d526bc,2
649b70d8_4c29c125,2
90d92975_2cca7341,-1
4d805fdb_cddbcdee,2
831b9722_eb0cbd62,-1
49564d97_26e4aa0d,-2
3f36acc4_edbc2ec9,-2
428dce2e_3d8162dc,-2
77dbb27c_da1be3f2,-1
d82385be_71ac583a,1
51f9be47_aaf77331,-2
cfe028d3_a5f274d,-3
5a27b9ac_10a26db0,2
d5b7e213_4899de1c,-2
c39d69da_93c2a834,2
39566ce5_5ee7416c,-2
18d425e7_fe9c40dd,-3
93654de7_a5cd986a,1
c0c12699_b50aaefe,-3
93adb15e_a0fd2c52,-1
8aa28f11_76ce71d7,-2
3ee9f086_9368a9fb,-1
598bab43_88b89a17,-2
ee114a5b_a708bb99,-1
68119635_86b2a921,-2
1fe250a4_a251ee57,2
8d11b604_5d0a6f84,-2
486d9cf2_10e9ab4d,1
f4e37a58_e433bd9b,-2
1a36a471_b6674e7f,-2
5c1386e6_35dcc586,3
800f7917_ca991591,-1
c9317cf2_82d4d3ff,1
62a0d7fc_65c064cf,-2
bd0befeb_c1751b00,-2
5a359681_1186a9a,-2
32b12447_464c486c,-2
9ff48834_ae7a9566,-2
4d315386_f42f5830,-2
62100ade_689219d9,-2
682344e8_31ffe589,-2
244560fc_e1d2f5d1,2
8408fda7_e8f5555c,1
b54667b5_e02c1063,-1
31b2df8b_d226eb04,4
107f0a31_de149058,-2
a8a32a9f_ae184492,-3
ccd4936d_607f0a6,-3
81fb7d48_62c9b39c,-2
79d17d8e_a2564d38,2
479ee8d3_37fac876,2
f6def7b4_70178519,-1
cbb9d8d3_82bb9434,2
5ff9c21a_cf537197,-1
561f21bf_20746f0,-2
b6e10750_7ffb596f,-3
cf05a4c2_33380b6b,2
c15e51f0_54bb8355,-3
a672fdb6_c8d9fc5,3
214f8029_2652bb67,2
d2be9ce3_ba4ddca9,-1
d430f708_c07ee38b,-2
404584aa_e234733b,-2
12e75bb6_6a7ef81c,2
1d5b4226_88446d95,-2
b577dcee_5d8fa6c9,2
c32bfa2a_78678200,-2
f1d21a48_5aab6998,-2
bd4ddffd_31510789,-2
6c814a37_aecac959,-1
3c7c9b4f_d9ee2550,3
455e1715_2e3e729b,3
23ba6b19_ca45289d,-1
71d6c809_d820eb88,2
6c3e1a67_c3516bd3,1
3ed6f31e_48d6089d,-2
4691f41a_30c707a2,-2
79b757f5_f1b83866,1
1587ff39_88bcc57c,-2
3644b02b_92a552f9,-1
12d8c2c7_c18d6dce,-3
441c2736_643c1b03,-3
db7566cc_d15f09f5,2
5d14bf68_3e0c4384,-3
ee120865_ac1b6f0f,2
84dd077d_906ad500,-2
4b5451ee_2ef13224,-2
219b03c1_425b7331,-3
1695304d_cc5e06fc,-2
5b41368d_ba8edfa7,3
8b97a1_d3eb718d,2
a26807f2_6db25ef8,-2
3a6b5530_47c1f556,4
130523de_ed94da29,-1
705bdf0d_fde2324a,2
8a8e0c13_6557a98d,2
e586f515_fa854ee5,2
8e666245_a8c6987d,-2
324bc14e_5215b502,-3
5616c572_66e9c1b,-2
dff38f83_bc8eec64,-3
c89776f1_d5244cdf,-1
41de4f3d_751d7e32,-3
26697b96_eb662cf8,1
f9fc8d74_8a9b7752,3
52fb3328_cab3d850,2
71ae921c_2d12d417,3
53b94977_d23739a5,2
fd66fe2a_13d9c75f,-2
a759e809_f58197ac,-2
2959aa85_ef9aa4db,1
78b0e485_44f1708a,-2
28166ab1_62de20fa,-1
b16601b3_eef5b8b7,-2
729a3834_fb24a945,-4
60c23823_93f98b20,-1
48ce57a6_6f0240c3,-3
6567e2fb_82003073,2
75f9ab34_8b7ada24,-2
ccebbbcc_a1fe61a5,-2
d779d2dc_9caae3b5,-2
8a8c57f0_7b39b9fc,-2
306e51b3_aea68778,-3
c666177f_d54e2e10,-2
d6d4414e_e4530565,-2
5ef4e47c_c76b8dcc,-2
ee9f21f8_fc98cf60,2
db696705_eebb318c,-2
e379c03a_61c3f1da,3
f84ba1d2_6d5a4641,-1
db1ff13f_d26f0983,3
baf555e4_97717f8c,-2
1e58acc4_98b497a1,-1
1202ad96_2c79840f,3
d94ae127_326204ea,3
593b0ec_9d126603,-1
5f898a6f_74fda2ac,2
ee231e06_25ef239f,-2
52a32c86_6266b2ae,3
bb80fa3d_7e8dde33,-4
9779191_d458ccd1,2
35f486b4_6220564f,-3
1a769de0_a1121c17,-2
444c34ca_f0864181,-2
fcf42496_cd6004e3,-2
36f4ed0a_ae3f03e9,-2
d66695c5_894d46db,4
71bd2914_d8d427fd,3
7077ed63_de96f676,3
b807a322_971a2986,-2
b1d619fd_7357f9ab,2
73029223_cda2b38b,-3
49257a0a_a7204543,-2
f876e5be_d7ea9325,2
7d5cf0c1_e5675f41,-3
9a67ae4e_dab8e32,3
68e845b0_d1a223b5,-3
8b78a075_31b23887,-2
a6d90380_1d3daf4f,-2
bd14d683_9076644a,-2
9f75f042_48c0ed8c,1
d34748d2_55b76015,-2
9eb8bb5e_2b1cd835,3
4720ff0a_add9f1a4,3
6de5459d_216ac314,2
d1335aec_ee598650,2
e25961f4_139abeb5,-2
f9f7ad1_96fcd81a,-2
6a5f004f_82c1b59c,1
da919eae_bd992cc,-2
6489603e_cb6aec38,3
355fe81b_365814ef,2
4b67199d_86a7ab76,-2
806d3eec_871c8188,-2
cc83d486_462633c8,3
3c673f2d_721358cd,-2
42cf9273_6acc750e,-2
6be100d7_532794ea,-1
c069546b_622263d2,-2
8f46d62b_5584392f,2
2c975ce7_b2027fa1,-2
53def5fa_35d21ae6,-2
d941574d_9f000e9b,-2
c15c1aa6_bc5b9581,-3
44e70efb_2723f6c0,1
10c55756_3697239e,-1
440aafe5_c14d2784,-2
b9bbbfc2_910242fb,-4
5b81aecc_6749f641,-2
4cb4ff89_31819f3b,-2
e7fe6552_4fc94586,-2
737d1e0c_f6c75a7c,1
29f01cc8_1299d7ff,3
f7bb3b7f_befbd8a4,-2
c1ec482a_bf146220,1
73fe0531_893dcdb6,-4
544b0f57_f73e1580,2
3fd2053f_68107937,-2
38e81c93_4af951cf,2
8004eba5_3b3e18e8,2
981b88e5_e248f63a,2
2b3ad402_e6ef5696,3
44e5ee85_112059b3,2
8d4c1154_746e6097,-2
d751c13d_50f9301d,-2
ef92a721_d74e3609,-2
672a69f4_953e947e,3
f2a53577_a32597fb,-2
d510c4aa_5b290b82,-2
3dc4ed50_e7e37209,-2
834f4398_9b28b808,-2
afa940bb_6820ca5e,-2
db7ab4ea_933f531f,-1
127985e9_f65d386f,-2
d0ca2bb6_886f1f8d,-2
73551a09_60595d0f,-2
378c9ca3_aa1c4db4,-2
cbf75fed_e7f150b8,-2
1ff77c5d_3ad166b7,1
bf08f995_6b166ff2,3
96794351_fca63f16,-1
41f23e8a_504ce5cb,-3
2033e78e_e0ae9d98,1
65477840_87aadff8,3
98a48cbc_49e535d1,-3
bb23e0b6_4caa5f47,-1
39b10e67_27096fb7,1
623ad9f0_6c370998,-1
d5a8deff_9265210c,-1
c20c4994_8d304afa,-2
3cea0e0d_5b8acf28,2
efa814d9_aef152e3,3
75bbcc68_310a6308,1
772758df_f5d6e7f3,2
1801d773_ad28c52f,1
5b7ed6d2_1ba8a9c0,-2
32ea397a_235feaef,2
6d44c365_8c6393ea,-2
394be6e8_b82eccc4,-2
d7b86333_3d60b3ce,-3
b0ca3b76_bf7cb59,2
81c56fbe_8b0a8aca,3
ccbf5db1_69c8d544,-2
530f2b36_f1a0cfd6,1
d87aa3f4_83623ff,-2
32bd7306_67aad85c,2
d43d32d9_5851a910,-3
f3a318b4_cd08a4de,-1
8aba1980_55884176,-2
560d1488_b69a19f2,-2
ba44e6f8_22693293,2
b961aef3_7587a462,-2
16d902f5_87102c2b,2
536b6b2e_5854641,-1
89777ec6_f3a30f2d,-3
12d60240_b3dcff8f,-1
6949e612_4b104b94,-3
f07d9ff_cf329fd6,-3
c43a47e9_56949905,-2
5ce93110_165985e3,2
9991f128_ee2a8b4d,-2
e2cb063b_f5c7f292,-2
4b9517c7_7cf22470,3
155c847b_58af7547,2
e07bab43_f38ff70d,-2
40ff36aa_40938769,2
3b771f36_20d2b928,-1
c9e5af71_c58a3fa4,-1
357b41b7_76632335,-2
39141909_2125ee16,-1
49ffc70a_f3fbea07,-1
e7932530_2d8b4c33,2
ba87a01f_34a0471c,-1
2c064614_8a5f7c0f,-2
218e1b34_b22e9bea,-2
dda20471_32af800a,1
bee88853_d5cc298d,-2
ac19f811_f46e7fc5,-1
530f2caf_7f017af,2
52dfa5af_9dd86434,-2
d4099e2_76f0a887,-2
8cc83ee5_1bf8cee6,-2
37fc243e_79b76789,-2
14881114_db7db43a,-2
4abe01e7_97f29955,-2
bb2adcba_866587e6,-2
69d6ab05_946895a4,2
fe2d66ca_ebefa510,-2
2f21fd83_6470394a,-3
5f1944e_8f608cb4,-2
420f3ba4_e4012eb7,5
b48aacd9_c72d57ae,1
6113a845_872757cc,2
d5822e19_cf503364,-2
c59bd5c1_c92cc9bb,1
4880969f_e0554b5c,-2
56133883_36eae700,-1
3c925007_b4546a7b,-2
d2cc7849_288d0bc3,2
5edc26af_17a487b7,2
672ed073_c43e335a,-2
78053621_8d54af18,-3
74a241d2_36603c1,2
256649c4_29402af,2
228c9e2_ba6623aa,-2
b9acc9a_4ae004bd,3
f6a60cb1_cec815c2,-3
c42e0b6_4b6add1f,-2
c42f7784_19bb34eb,-1
e3e1e401_ca8c2f6f,2
c4a61de_7b1e5fb9,-2
78024a3e_55e44c4b,-2
14fc472a_f4b57e09,3
326d7d6b_2ec5c968,-2
2043fe18_ed4109a6,2
6e3f1cc2_ea8c98ab,-3
8764a06f_b414bfe2,1
58cc74f8_c76ef832,3
bddf5eee_f1142076,-2
c7ce7498_87d2dd8a,-2
cc1066e4_7e45c6e0,-2
7b90377a_2d420d03,-2
69b582d2_d682b7d9,-3
f53b60e0_60f0ed5f,-2
a1814d8b_8142dcf7,-2
d9d19628_3672bd54,2
546721bb_2ca9fa63,-1
3978ffd7_d86296d1,-2
e5409edd_e6828c2f,-2
5d2a0bef_edbe2ef4,-2
d1eed0d2_e8e7a15a,-3
c77f6a78_4388a327,-2
514b50dd_26df0c53,-3
e9f6d3ce_88d37956,2
7abf446a_73863e56,2
4af96afc_7f361746,1
85ff3fe6_ba9ab39a,-1
6d7961bc_58214112,-2
ac3ba1d6_ced71285,2
597f527c_82dc0d56,-3
5cd4c2df_c496ada1,3
d11af110_37c334c0,-3
964a2aaa_7889b669,-2
e4bacb7d_f8b55f6,-3
afae8d3a_24c83574,3
e6b4673c_97005182,2
1792a453_1aa461d1,1
43aad795_47878736,-2
b366e46b_8eb2faf9,-2
c8d05a14_5537778,3
12318fc_80f41db,2
8ad2c8fc_2bb54594,1
a67ee319_66f80681,-2
c2c96510_3540f77,-2
93a923c0_145ba714,2
c39f3398_22603837,2
fe486f5_b7358539,2
91df3818_bd5c8f24,-2
e6195ca4_c9f0bbe1,-2
e1ec109b_767114a8,-2
bb9077a4_68af9ed0,-1
4d2ec1c8_99b3eedb,1
1a365a5a_cf71c216,-2
9b0a39ef_a909e083,-3
b2fa65e1_8f1ce63c,-2
96adbeb8_f29c5364,-1
44f1b419_1ae87fa6,-2
ea0e9812_f6196049,-2
935e0475_141164ee,1
56ae3728_7875217b,3
7a999bce_5b26202d,-1
37fe9d19_282ceb7a,-2
e9221e37_a1d9de0b,2
18c0bbb6_c89cff21,-1
112b899c_632c642f,-1
319fae9e_7ad40053,-2
5ca3aded_dcb6f96f,-1
ac7d8101_726035f,-2
a91936ed_fac371f3,2
82f628e6_e81ce7b2,-2
7491f421_8389a4c2,2
264afb20_bad720c2,-2
94ed1273_fc267678,-2
68663d75_cf045536,-3
320ed901_a947e23c,2
a7235c33_e138282f,-2
3d9eb03c_4d158b9,-2
5f97a8ad_670a6764,-2
a13ca06f_a29a51b2,-2
95bf4b4a_708e0ba5,-2
a217bac1_1f9a7239,4
9f85b102_e44ad8b,-2
a7df737e_6247a6aa,-2
a6245032_4f2be4f5,-2
8d9937f1_b35e8b99,-2
5f035033_56f6fb77,-2
472509b2_1cbaed2a,-2
ac49a6db_96ef186b,-2
ecb15fa7_e8ecdfea,-1
e8111e14_53f022ea,2
d32d5b2e_221ca3a6,-2
58a17a7d_2295f396,-2
7dafbe1c_3fe1566c,-3
62b3d9af_98d3e2ae,1
64fe10af_3287b7ba,-2
21ee7069_8bdbdcda,2
77c76461_30f8d978,-2
fc40a8b4_79950380,-2
f9b50ddd_758dfb38,-2
dc727c0_25b4af4f,-1
2cc0720b_c6db41e3,-3
98af8331_d3f01acd,-3
32b58474_fbf5cd2e,-2
c2286104_7d29f88f,3
26bdd2e3_c7014bbd,-1
2b36786b_9865b509,1
4dfd71f_f0b35d43,-2
d13fa02c_dac69e3c,-2
649e8c4_c617f7a2,2
9f3874f9_11e0224a,-2
d7b55c8c_9f5a068,-2
a3432f79_175eb228,-3
3a459bc1_cafa5c39,-2
2cd3cf94_967f0f56,2
993d3ff_5f6697be,-3
326f263c_4e9e80e4,-2
fd2eeebf_d9b34115,-2
91dade1d_b0c4091a,-2
6609650b_6a741755,-1
e21d2ea6_a08d10c0,3
8b6d7232_b60a8f6c,-2
23bf40f9_39fcc80c,-4
c520e079_98a87b43,3
b551be8_9280b53d,-2
f2cd0e5_1216ad67,-3
5fd8960c_31d7a887,2
a8f3bf1c_18d0ba5,-3
e1eefb96_d6400ac3,-1
2506e41d_e60759e9,-2
298e21a1_8986d6a,2
1fa4288f_ad27ee58,2
16ac5b6e_f217317a,1
865585b0_f398f137,2
66afe889_1d0a41d,-2
8e27772e_a30306b0,-2
c68c8219_719fcc85,-2
12de103b_19536119,-2
21db496f_e85c2b8a,2
7c57d81d_9e0e3e7a,2
ea922ac4_facb3fa3,-1
a72fa721_47d6a908,2
21499923_e6c9b42b,-3
aacf852e_5f3345ef,2
cbf45beb_9a8b40d8,-2
f694e6d9_58516ab3,3
6fe94b18_93e05f71,-2
845dda8c_cf903bba,2
70af45c5_3ff6612,4
5dddbc71_21918751,-2
20e30607_b9a2a4a4,-2
d2fc9a8a_b2ff3f9f,-2
504d773d_a7c0c21c,-1
bb0cfe48_7ea09cd9,3
cee65122_90cdc448,-2
894e6c0d_64c1fc8a,-3
526a12f_a4af99dd,2
911063f4_20ba6cb9,-2
133d367c_81060f5,2
182694fc_e85c3338,-1
d28cde71_b3df60de,-2
ac83af02_3f816602,-2
f70bb4ea_8f6cadab,-2
634ba82d_d96e617f,-2
ccf8ce60_35c6fd48,-2
10a75c68_452fb489,-1
8a4a592d_e3299366,-2
7efa16b6_d67b4218,2
5ba3653c_1c000b94,3
d7e8f0df_1a4d55d8,-2
b84b3fc7_ef7cc689,2
b65ec64_7c5dcd9c,-2
bea95492_bef086ed,2
ad26a7c7_9b759fb9,-1
1606b878_2a7a1411,3
64fe678f_1a7f2c58,-2
38b8d4f1_da5d575f,-1
645444d5_95e6f031,-3
55d33731_838d95e9,-2
22954386_b695ccbe,1
4bcb72a4_f745ccb2,3
7cb8305f_70a36a5d,2
41a87b6a_625163ff,-1
a96c9bd6_f65bf700,-2
6d7aaa18_3c1659b6,-1
dfd1209c_a3bda77,2
ded64119_82591a5e,-2
e9ed1230_370e0904,-3
80ec7c61_88185b62,-3
68bf169c_175d49d9,-1
10709645_fc980b3d,-3
a9160145_671b1aef,-1
3f0be5a5_ecce0a67,-2
19e3bcbb_c6d1eb01,3
d9ebee8a_855b32da,1
c7c50da_c9648178,-2
7f2ca170_f4802921,-1
845ed395_4db008bf,-2
e742049e_41a730b4,2
503d2053_697a421c,-2
23403372_f71b972b,3
813d82ea_5fa96950,3
c886522f_b8618c0e,-2
f1b0c016_a16abf55,-2
aacd96aa_1252d727,2
9bf14951_2f864ae3,-2
61078f29_4af6c558,-2
3e4185fe_48554cfb,-1
c99be575_4bf9f80b,-3
adff8ab5_65e278a0,-2
4af0f706_3f9f1274,-3
4fa4df9b_c31a0e1e,-2
2e76a488_7f46acb5,-1
fe9906b2_f7b1b47,2
eb2f6f78_9789bb58,-3
d75f0026_9a733e2c,-3
81f31ab1_fb6fa5aa,-2
3e2888f5_7e44df70,2
2c096758_d7a48c45,-2
325a5651_90945d73,4
8dd299fb_cb161213,2
3048a6c7_11bd3353,-1
b51a5307_640744bb,-2
2a0d73a_6cf1df55,-2
782da536_b7920d6e,-2
ca7cb14e_7cedc83c,-2
73270216_7355c092,2
a9db07bc_b975d2c9,-2
c7e210d7_13860110,1
412478d3_80593d47,-2
7c6c9860_e17ff4f1,-2
de386197_781c934,3
6dacd67_d76e184a,2
5721262b_a74285b6,-2
6b1a5cf7_e29d1e2f,2
eb867cd5_810b61b8,2
b3d276a7_f7faaee1,1
7283e0a3_c6247cce,-2
2a81bdd5_b59b5342,2
b2e53483_6ddf6ba5,-2
7e1b8296_b7dcbaca,-3
ce61b100_6441d8b5,-2
b3969da7_e3976a64,-2
9d84ede2_9fcf3c11,1
404e9cc6_792112ef,-3
9b4cd77e_b7304655,-1
6671c277_bee141d0,-2
bd8a4491_54d5b38e,-2
64778857_1e5fd956,-2
127c1bfd_733ab34c,2
64ab777a_eeb9784c,-2
b5d01cfd_ddfb8e92,-3
410393a7_ec3d615f,-1
e51ccfdf_6a5c8ace,-3
1282849b_5ad89b52,-2
c4f2a8f5_90594805,2
112d5caf_60e5a024,-2
1ed91fca_a710dc3c,2
f57b583b_4c7e2a3e,-3
1632bec2_52d70733,-3
8f6ca8e1_e8691c73,1
a4745ec1_ef71353e,2
20f8d_995e9bf3,2
62136f5b_52fcbcc2,3
11c8546c_59e94c40,-3
8c0c23ba_9afc838d,3
4a761c2b_e052c162,-3
da55eb80_5a5d6eb3,-1
c7e38d07_83357b7c,2
a39aab7_92c82452,2
ba3bb654_bcdb5d5c,-2
12997b60_e9c3f10a,3
7f96e860_32dad934,-1
1ebaa216_99c6ddfa,2
ae25d0ad_1ae7fc0d,3
2bbc5d43_ab3a8a0a,-2
afa06d12_36c1c975,-1
c4defaf9_72c69616,2
4980ba5b_624efaa3,-2
9c045e8_fde1a007,-2
a6a648ec_6ee2f34e,-1
304245d8_a0337a62,-1
718ff97d_875e9587,2
91aad65e_b7f72597,2
83e9c420_e1253f3f,2
eb9b4a0a_f75fd90e,2
d06637f9_b77c9575,-2
36c07bce_abc2333f,-2
985e4d23_96e4f31c,-3
35cfee3c_ceeafd91,2
5a278a42_364c0139,-3
ce167848_f409eebe,2
7ddc86ca_488bbc13,-1
af1d57a8_1424bf11,-1
bd49ed3f_22e610ca,3
532743cd_28693c05,-4
3da87f71_ff7a89c9,1
7cdf78f0_1689917e,2
5ec547b4_2ea04e87,-3
5862d9ea_7235a0f4,-3
406d4db0_c42af02a,2
e362c050_38b82c0a,1
e5456c59_6dcf165f,-2
45ecc3c3_559a1b05,-1
5c045db3_1195f1f4,-1
a1af386_28b750b0,-2
41411df9_8dbdf24a,-1
f072fc16_5c73fa51,2
34ddbc2f_91d54040,2
6001155f_409601b6,-2
8e4ebeed_55709135,-2
597b2eab_b371fb81,1
a14fe96d_4f7941fe,-2
f346516b_b633f94,2
c10f0c5e_75e195cd,-2
6c7e68b2_1e54727d,1
3cd12ca5_43473e7b,1
1e3ce17b_cfc9bf2b,3
3c1a9de0_25f3c29a,1
bb6c0b99_3b496b3,1
e4b5df3_4945c388,2
407327ce_7d1c4275,3
b123a79b_ebe0bd07,-2
c3b2c311_252c9213,-2
775cd7cd_e04f2b9a,-2
dc7dfe7d_6044be06,-2
bf5cc54f_e4e39250,-2
be6e21a8_88dc3d73,2
6826eae0_1a72ca12,1
56c338bb_55840ac5,-1
428d7973_93c5e9be,-1
b5b78605_afd7088e,-2
47d08d6a_a20b8e35,2
a18acc4_836ef18,-1
31d01704_33aab1b6,-1
b730115d_df51cd36,-2
ccb2d80_b799be1a,2
42754196_4a3e8c88,-2
b9116d03_76d7529d,-1
83b0c364_946adb4c,-3
7f550a6c_2538ac4d,-3
48987114_d7adbeab,2
c5b67732_8d6d7742,2
bb12f685_9a25e1b7,-1
3a091b53_2b72e7ae,1
a13be1e_9cd9140,2
7ec43e83_6b5e583b,-2
274a5ac5_76113a1d,-2
7b8343c7_aa7c63c2,1
3e47897c_27551cbf,-1
fb8ca445_424bf2ef,3
3fc03f1c_3e27c654,-2
5ddb8e9d_404cd5b6,2
bdb24f33_94ee3bf4,2
8fa85ae_47e6744b,2
65f77839_a8f7fa72,3
2e6f23c5_8058ac54,-2
e6abbb75_3c168691,-2
70b3c94d_d19d29da,-2
e0bf9d48_10c21c92,-1
532a6744_e85afaf2,2
2666b17c_df11e178,-2
c4524078_29268712,2
d6b9e1d8_e07a18b0,2
2859f13a_7f6124d7,1
afed3574_8fe0ac14,-1
ba69e933_dfbaa916,1
61044a7a_ee2cd616,-2
a81a5287_c06848a0,-2
9b9756e9_255c8cce,1
717a92c0_6561ef3a,2
9710bfa0_4b2d7002,-3
befd2359_2a206c18,-2
d0acbf24_e5819366,-3
3d3e12b5_2218e655,-2
b9d85c21_35de4bcc,2
e0ff571e_b6d380e3,-2
d29d76b9_4aa7a148,-2
694d89f4_49ef4c1c,2
43b5b2f8_eda17c15,-2
16544885_499ee510,-3
e8057a19_ab86cbc,-2
fb9f5aa9_69ea6dab,-2
65225dd4_dd0311bf,-2
55663ade_ccff7e48,2
de61f753_9cf38689,1
9e50744a_758f29d0,-2
2c399cb7_e00925c8,-4
19fb72ee_3184949e,2
fc3e57c3_26f4de14,-2
688d271_ba405a6e,1
3347ea06_e08b995c,-3
9eb41358_42038534,-2
48078dd1_5c4ad3c2,-1
46a7b357_8e3e5f0,2
f833b27e_60797fcc,-3
a481c207_988d5d26,3
c66ab3a6_214fc64,2
f63cf632_aa7e5adf,-2
4b1efc02_d975992f,1
62a32695_f1ff0b67,-1
95564c68_e3e25e4c,-1
2a9a1a6e_7fa81223,-2
598dd865_89bba222,2
ea206bb4_60d4f09b,1
95f73e0d_b17688ba,3
f9b6ef9b_dd04aeb,1
4b20f0a5_a01bccb3,-2
856cc95c_a7596dd4,-2
2dd0cd6b_860f092a,-2
504c0b4b_aee47c2c,1
f0a07bd9_b6f40207,-2
30121be2_e487ef9d,-2
b4ffe608_3f1f8265,-2
435f6574_a5aa5c81,-2
ce7334e6_ee963589,-1
6a8a180a_ec9a80f1,-2
64adc7d6_4771543a,1
2c5716cf_c8a0e700,2
e621337f_ade3e2c5,1
dcd1065b_11538a5c,3
be8f7f33_60809302,-1
b9172b59_86634b7b,-2
5051e3c5_ce814e02,-1
36a512ac_b74ed935,-2
5237a87_a2fdfe02,-2
d4b27628_a1554e3d,3
9fe93691_d4bff7ea,3
ad45ca06_2a4a03d1,-2
6baed70b_bd2a7ec7,-2
ac915a14_d7b0d9c4,-2
c8e1d90_89a6ba1,2
d75b9f77_56abb748,-2
a144ca8a_d0c802f,3
f7845eed_ad409d5e,-1
3dcdd32_6170993,-2
433517f5_1fe4ee8b,-1
bdef77f0_84a6dd68,-2
3147ab0e_856468e,-3
73e3cee1_bd3a98b,2
dbbf0a83_93d839dc,-2
aed62174_23764de6,3
8d51e398_1ce36e21,-1
b6d204f_6b4f2f6,-2
65a4820_44c93996,-2
2b4e9270_1f487c12,-2
bcd6009b_870a89b0,2
1a40e6f4_f2158b37,-3
1cf35681_f8c3979a,-3
a6f92b51_826d721c,-2
13d17f25_a71211d5,-2
7d3c732a_a7e2126a,-3
ba335400_fb20ba06,-3
f94fdac2_e2370bcb,2
ac3187eb_88e37e8e,-2
2b163504_f00c40ea,-2
da460427_d7d87cea,1
d72298f3_1af033d8,2
61487b95_2f8d3b2a,-3
fe97f67d_e59e7bf5,-2
84e483f2_c049d221,-2
c83cf69_33175f12,-2
97e403de_f4e32dd3,-2
ab461054_4922401b,-2
4d7e8ac1_9eae612c,-2
ba413a84_a593ab39,-2
17b33b1b_2e075aa6,1
919eb3fe_8eab0367,-2
49d12b7b_39e8b4d1,-2
f5b498cd_d6a3276,-2
652d3d81_66d5f47b,3
7d4c6fa_581bb82d,2
38d0528f_3eb7f679,-2
99252322_32bfa8b7,-3
802a2f4b_46cee137,-3
9ef8293_f934e9ef,3
37a7f119_5dd0988,2
ff681c36_c7017f01,-2
bfe9f1e4_e7341de3,2
7329da4a_a391b41b,-2
c8d96b72_5c65742b,-2
3b8fd185_d367f70a,-2
9e6f5ed8_c41541ec,-2
61089c5c_58547550,1
c88917b_4d5e11fd,-2
d129a6d2_1a449987,-3
5bcd23be_2176db8f,-2
e2abac74_786dd8a0,-1
74afacd2_ed508332,-1
48730431_9524fd78,2
abac7006_dec86d12,-1
640eaf4c_fa4900a7,1
9bb3932_a0f66367,-2
5f2e9fe3_f42d490e,-2
725c83db_eb4fbc6d,-2
189cac17_181095dc,-2
9f3329db_11165f7e,1
fe4ab6df_4767584b,-2
e7720dc1_bbdf21a3,-1
fe2936ba_30005066,-2
38071a5b_7e5f692b,-2
4d3f5ed9_a9668185,-2
57aabaee_22fd62bf,1
bdee094d_54838770,-2
5229968b_c2b55165,-2
75e735a9_4e9f3590,1
4fcf958c_96633932,-2
8cf57a49_90484c55,1
9222f425_f4245490,-1
d503e6b8_faad880,2
8cce416c_db9f2e72,3
2af5a458_d1345878,-2
6849d5ab_d1a406d2,1
51c88bc1_1755a12f,2
1a73ef0d_e071143f,-2
aacec93a_caa91069,-2
a3cf0217_89fa3394,-2
bdac1eff_9a4ecb4c,-2
a015ecf3_6f8b5e73,-1
2163385_9fa1de82,-2
7b4a72b6_3272efda,-4
84b89286_7bb9221a,-2
c3c90dc9_c08185c8,-2
a81ee297_736359c9,-2
28f1e6c2_f7acbba9,-2
9d3b183f_5ad66873,2
6cdcefa3_19c707d9,-2
4f5056b9_cc8b841f,-2
3c42f39a_8c41ac5a,2
76291bf_3314e70c,3
a05aaf3a_bc5cf1ab,-2
ce45ca9_3fa2bac9,-2
a90f77e_f337a177,1
b116ca7_3abcb3c5,-1
a6034114_b1611222,-2
79f896c6_8e66bf94,3
ed6a19f7_df861a9a,-3
b95de800_a00c6452,-2
28a030f_5505928f,2
a9e13231_75a338b4,-2
8f0cbed4_568f2a88,-3
65eac90f_dba1f899,4
7cc71196_f6b6de11,3
1ca4b288_144fd988,-2
331610dd_e1bcacaa,-3
274afcac_bdb7f303,3
69095580_749460a4,-2
a817e37_e342ed09,1
2a68bb61_67c8f428,2
c6955a23_bca89ca4,-2
eef25e15_54eb4674,2
8a95926f_c3e34a2,-1
bc40050b_5b23985d,-2
df1686c_2fdf0db,-1
26dd111d_75463942,-2
790f0441_162b707a,-2
6ea826e3_87253d7,-2
258e3ae3_afaf2804,2
d22aef8c_c2cd03,-2
655b5b6_6bd93976,-3
3e0cdb29_e4140bff,-2
a553c9de_882037b8,-1
e94e5197_ac0cfc01,2
3543c297_d6688fb1,-2
85504c59_d28dc67a,-2
d91ca5eb_e5c5f173,-2
7c4a867b_c45b6745,-3
aeefe03c_5a7385cf,1
d8b2b13e_79a9ec10,-2
a293b2f9_72b4bf47,-2
964dfe40_82cb6dd,-2
b9959944_6fbd8f95,-2
60a13dba_4e8ad05d,2
2889c121_fb459510,3
eb15b11c_2086cdf0,2
51ae3474_ba71d128,1
cbecdafa_fdcc4eca,-2
ece24bc3_3ba788b0,-2
dfb43d5b_848b864c,3
6724b45a_df2b3075,3
c73369d0_28d1701e,-2
f34d2054_bc2cfe95,-2
6e0038d3_4f8c55cf,-3
c0a95aad_8da750bf,-2
e4cb6d59_15792b1b,2
3df1e53a_dc941f45,-2
b31ff284_25a1eea4,3
7044fcbe_b4159670,-1
1f43dc53_b79fa57e,-1
12db431e_82475d92,-2
7893cd8f_929e1883,-2
b0a25677_3dbe3b26,3
4dddc1ed_e753de7e,2
3c4b3e9c_6b68448d,2
a7405a7b_2cad37ab,-1
fda053a6_8c93abb8,-1
ad211225_2ee13686,-2
3c3992c_2aaf24e8,-2
ef3b22e2_3e8bbbc1,2
b1765171_93f33047,-2
bfe2dcbd_c2e2e937,-2
5afd125e_db7c0b1b,1
f7770920_2acb862f,-2
1754e712_265623ab,2
1b938977_142857ce,-2
3e9a6f4f_983873b,-2
1a4472e5_2c85b4e2,2
5588d95_2bf0af96,-2
6536fdda_96613bfb,-3
99ab0818_1f357c5f,-2
62615ba_f4f42a8e,-1
7fec344e_9abd3270,-3
c4fccf4_42d52ae6,-2
4a2d6c6b_6a0ff11e,-2
6d45ad6b_b88c0d43,-1
b558726e_563101ef,1
2273f06e_389a467b,-2
9f220afc_dc1064b8,-1
cab5f7a5_232a7e33,-2
29f2d7e9_7f41056f,-3
44348081_881defa1,-1
49a8ef1b_9478a0da,-1
d64339a_4cfd5078,1
18cd4f6e_822100c7,-2
7a3056e2_f133b6e1,2
3aef501a_80351c26,-1
124119f0_7bd13c7a,-2
bd329c87_ddc0bc01,2
ff4fcf95_ff332153,-2
243a3acc_9ec2034a,-2
1d87cfed_94b71521,-2
3be1998c_341f7318,-2
fe8f223c_5e560689,-1
8506cf40_52804060,-1
ca19cbba_feb5e16,2
8bf42fc8_350a6cf8,-3
b327c470_4f59511d,1
c7e135e_44c23c1d,2
a9c7951f_e609e0a0,-2
fcc490fc_e0776c6b,2
71a6ba12_572b668,-2
86aa844_3610fb9b,-3
47e9c22e_5f94a730,-1
6c12ed31_17e2c385,-2
4fbbac4f_511f5390,-2
8067ca9c_976fdb74,-1
560c450d_3c21c3c5,-2
b98e085c_ffd86cc,-2
73b8016b_82248c8c,-2
371dc4e1_9a73d27d,-2
